日期 ,北京时间 , 北纬 ,东经  ,海拔
2017年10月05日,9小时32分38秒, 40.47.533, 111.41.856, 1108m
2017年10月05日,9小时32分39秒, 40.47.532, 111.41.852, 1106m
2017年10月05日,9小时32分39秒, 40.47.532, 111.41.852, 1106m
2017年10月05日,9小时32分41秒, 40.47.557, 111.41.837, 1181m
2017年10月05日,9小时32分42秒, 40.47.563, 111.41.830, 1199m
2017年10月05日,9小时32分43秒, 40.47.561, 111.41.826, 1195m
2017年10月05日,9小时32分44秒, 40.47.560, 111.41.821, 1194m
2017年10月05日,9小时32分45秒, 40.47.559, 111.41.815, 1192m
2017年10月05日,9小时32分46秒, 40.47.560, 111.41.810, 1194m
2017年10月05日,9小时32分47秒, 40.47.558, 111.41.806, 1195m
2017年10月05日,9小时32分48秒, 40.47.558, 111.41.800, 1196m
2017年10月05日,9小时32分49秒, 40.47.555, 111.41.796, 1184m
2017年10月05日,9小时32分50秒, 40.47.551, 111.41.791, 1174m
2017年10月05日,9小时32分51秒, 40.47.549, 111.41.787, 1167m
2017年10月05日,9小时32分52秒, 40.47.547, 111.41.783, 1162m
2017年10月05日,9小时32分53秒, 40.47.548, 111.41.779, 1159m
2017年10月05日,9小时32分54秒, 40.47.547, 111.41.776, 1151m
2017年10月05日,9小时32分55秒, 40.47.547, 111.41.771, 1147m
2017年10月05日,9小时32分56秒, 40.47.549, 111.41.769, 1147m
2017年10月05日,9小时32分57秒, 40.47.552, 111.41.767, 1147m
2017年10月05日,9小时32分58秒, 40.47.556, 111.41.766, 1146m
2017年10月05日,9小时32分59秒, 40.47.560, 111.41.764, 1145m
2017年10月05日,9小时33分0秒, 40.47.565, 111.41.762, 1144m
2017年10月05日,9小时33分1秒, 40.47.571, 111.41.759, 1144m
2017年10月05日,9小时33分2秒, 40.47.577, 111.41.757, 1143m
2017年10月05日,9小时33分3秒, 40.47.583, 111.41.754, 1142m
2017年10月05日,9小时33分4秒, 40.47.589, 111.41.751, 1142m
2017年10月05日,9小时33分5秒, 40.47.595, 111.41.748, 1142m
2017年10月05日,9小时33分6秒, 40.47.601, 111.41.746, 1142m
2017年10月05日,9小时33分7秒, 40.47.607, 111.41.743, 1142m
2017年10月05日,9小时33分8秒, 40.47.613, 111.41.741, 1141m
2017年10月05日,9小时33分9秒, 40.47.618, 111.41.738, 1142m
2017年10月05日,9小时33分10秒, 40.47.623, 111.41.737, 1141m
2017年10月05日,9小时33分11秒, 40.47.627, 111.41.735, 1140m
2017年10月05日,9小时33分12秒, 40.47.631, 111.41.734, 1140m
2017年10月05日,9小时33分13秒, 40.47.634, 111.41.733, 1139m
2017年10月05日,9小时33分14秒, 40.47.637, 111.41.732, 1139m
2017年10月05日,9小时33分15秒, 40.47.639, 111.41.731, 1139m
2017年10月05日,9小时33分16秒, 40.47.641, 111.41.730, 1140m
2017年10月05日,9小时33分17秒, 40.47.643, 111.41.730, 1139m
2017年10月05日,9小时33分18秒, 40.47.645, 111.41.729, 1139m
2017年10月05日,9小时33分19秒, 40.47.646, 111.41.728, 1138m
2017年10月05日,9小时33分20秒, 40.47.647, 111.41.728, 1137m
2017年10月05日,9小时33分21秒, 40.47.648, 111.41.727, 1137m
2017年10月05日,9小时33分22秒, 40.47.648, 111.41.727, 1136m
2017年10月05日,9小时33分23秒, 40.47.648, 111.41.727, 1135m
2017年10月05日,9小时33分24秒, 40.47.648, 111.41.727, 1135m
2017年10月05日,9小时33分25秒, 40.47.617, 111.41.721, 1132m
2017年10月05日,9小时33分26秒, 40.47.617, 111.41.720, 1128m
2017年10月05日,9小时33分27秒, 40.47.617, 111.41.721, 1122m
2017年10月05日,9小时33分28秒, 40.47.618, 111.41.722, 1119m
2017年10月05日,9小时33分29秒, 40.47.618, 111.41.722, 1115m
2017年10月05日,9小时33分30秒, 40.47.618, 111.41.723, 1113m
2017年10月05日,9小时33分31秒, 40.47.617, 111.41.726, 1101m
2017年10月05日,9小时33分32秒, 40.47.616, 111.41.728, 1092m
2017年10月05日,9小时33分33秒, 40.47.617, 111.41.734, 1071m
2017年10月05日,9小时33分34秒, 40.47.617, 111.41.736, 1063m
2017年10月05日,9小时33分35秒, 40.47.617, 111.41.736, 1062m
2017年10月05日,9小时33分36秒, 40.47.618, 111.41.736, 1061m
2017年10月05日,9小时33分37秒, 40.47.618, 111.41.736, 1060m
2017年10月05日,9小时33分38秒, 40.47.619, 111.41.735, 1060m
2017年10月05日,9小时33分39秒, 40.47.620, 111.41.735, 1059m
2017年10月05日,9小时33分40秒, 40.47.620, 111.41.735, 1058m
2017年10月05日,9小时33分41秒, 40.47.621, 111.41.735, 1058m
2017年10月05日,9小时33分42秒, 40.47.621, 111.41.735, 1058m
2017年10月05日,9小时33分43秒, 40.47.621, 111.41.735, 1058m
2017年10月05日,9小时33分44秒, 40.47.621, 111.41.735, 1058m
2017年10月05日,9小时33分45秒, 40.47.621, 111.41.735, 1058m
2017年10月05日,9小时33分46秒, 40.47.621, 111.41.735, 1058m
2017年10月05日,9小时33分47秒, 40.47.621, 111.41.735, 1058m
2017年10月05日,9小时33分48秒, 40.47.621, 111.41.735, 1058m
2017年10月05日,9小时33分49秒, 40.47.621, 111.41.735, 1058m
2017年10月05日,9小时33分50秒, 40.47.621, 111.41.735, 1058m
2017年10月05日,9小时33分51秒, 40.47.621, 111.41.735, 1058m
2017年10月05日,9小时33分52秒, 40.47.621, 111.41.735, 1058m
2017年10月05日,9小时33分53秒, 40.47.621, 111.41.735, 1058m
2017年10月05日,9小时33分54秒, 40.47.621, 111.41.735, 1058m
2017年10月05日,9小时33分55秒, 40.47.621, 111.41.735, 1058m
2017年10月05日,9小时33分56秒, 40.47.621, 111.41.735, 1058m
2017年10月05日,9小时33分57秒, 40.47.621, 111.41.735, 1058m
2017年10月05日,9小时33分58秒, 40.47.621, 111.41.735, 1058m
2017年10月05日,9小时33分59秒, 40.47.621, 111.41.735, 1058m
2017年10月05日,9小时34分0秒, 40.47.621, 111.41.735, 1058m
2017年10月05日,9小时34分1秒, 40.47.621, 111.41.735, 1058m
2017年10月05日,9小时34分2秒, 40.47.621, 111.41.735, 1058m
2017年10月05日,9小时34分3秒, 40.47.621, 111.41.735, 1058m
2017年10月05日,9小时34分4秒, 40.47.621, 111.41.735, 1058m
2017年10月05日,9小时34分5秒, 40.47.621, 111.41.735, 1058m
2017年10月05日,9小时34分6秒, 40.47.621, 111.41.735, 1058m
2017年10月05日,9小时34分7秒, 40.47.621, 111.41.735, 1058m
2017年10月05日,9小时34分8秒, 40.47.621, 111.41.735, 1058m
2017年10月05日,9小时34分9秒, 40.47.622, 111.41.734, 1058m
2017年10月05日,9小时34分10秒, 40.47.622, 111.41.734, 1058m
2017年10月05日,9小时34分11秒, 40.47.623, 111.41.734, 1058m
2017年10月05日,9小时34分12秒, 40.47.623, 111.41.734, 1058m
2017年10月05日,9小时34分13秒, 40.47.623, 111.41.734, 1058m
2017年10月05日,9小时34分14秒, 40.47.624, 111.41.734, 1058m
2017年10月05日,9小时34分15秒, 40.47.624, 111.41.733, 1058m
2017年10月05日,9小时34分16秒, 40.47.626, 111.41.733, 1058m
2017年10月05日,9小时34分17秒, 40.47.626, 111.41.733, 1058m
2017年10月05日,9小时34分18秒, 40.47.627, 111.41.733, 1058m
2017年10月05日,9小时34分19秒, 40.47.627, 111.41.733, 1058m
2017年10月05日,9小时34分20秒, 40.47.627, 111.41.733, 1058m
2017年10月05日,9小时34分21秒, 40.47.627, 111.41.733, 1058m
2017年10月05日,9小时34分22秒, 40.47.627, 111.41.733, 1058m
2017年10月05日,9小时34分23秒, 40.47.627, 111.41.733, 1058m
2017年10月05日,9小时34分24秒, 40.47.627, 111.41.733, 1058m
2017年10月05日,9小时34分25秒, 40.47.627, 111.41.733, 1058m
2017年10月05日,9小时34分26秒, 40.47.627, 111.41.733, 1058m
2017年10月05日,9小时34分27秒, 40.47.627, 111.41.733, 1058m
2017年10月05日,9小时34分28秒, 40.47.627, 111.41.733, 1058m
2017年10月05日,9小时34分29秒, 40.47.627, 111.41.733, 1058m
2017年10月05日,9小时34分30秒, 40.47.627, 111.41.733, 1058m
2017年10月05日,9小时34分31秒, 40.47.627, 111.41.733, 1058m
2017年10月05日,9小时34分32秒, 40.47.627, 111.41.733, 1058m
2017年10月05日,9小时34分33秒, 40.47.627, 111.41.733, 1058m
2017年10月05日,9小时34分34秒, 40.47.627, 111.41.733, 1058m
2017年10月05日,9小时34分35秒, 40.47.627, 111.41.733, 1058m
2017年10月05日,9小时34分36秒, 40.47.627, 111.41.733, 1058m
2017年10月05日,9小时34分37秒, 40.47.627, 111.41.733, 1058m
2017年10月05日,9小时34分38秒, 40.47.627, 111.41.733, 1058m
2017年10月05日,9小时34分39秒, 40.47.627, 111.41.733, 1058m
2017年10月05日,9小时34分40秒, 40.47.627, 111.41.733, 1058m
2017年10月05日,9小时34分41秒, 40.47.627, 111.41.733, 1057m
2017年10月05日,9小时34分42秒, 40.47.627, 111.41.733, 1057m
2017年10月05日,9小时34分43秒, 40.47.627, 111.41.733, 1057m
2017年10月05日,9小时34分44秒, 40.47.628, 111.41.732, 1058m
2017年10月05日,9小时34分45秒, 40.47.628, 111.41.732, 1057m
2017年10月05日,9小时34分46秒, 40.47.628, 111.41.732, 1057m
2017年10月05日,9小时34分47秒, 40.47.629, 111.41.731, 1057m
2017年10月05日,9小时34分48秒, 40.47.630, 111.41.731, 1057m
2017年10月05日,9小时34分49秒, 40.47.631, 111.41.729, 1057m
2017年10月05日,9小时34分50秒, 40.47.633, 111.41.729, 1057m
2017年10月05日,9小时34分51秒, 40.47.635, 111.41.727, 1058m
2017年10月05日,9小时34分52秒, 40.47.637, 111.41.726, 1058m
2017年10月05日,9小时34分53秒, 40.47.640, 111.41.724, 1058m
2017年10月05日,9小时34分54秒, 40.47.642, 111.41.722, 1058m
2017年10月05日,9小时34分55秒, 40.47.645, 111.41.721, 1058m
2017年10月05日,9小时34分56秒, 40.47.647, 111.41.720, 1058m
2017年10月05日,9小时34分57秒, 40.47.649, 111.41.719, 1058m
2017年10月05日,9小时34分58秒, 40.47.651, 111.41.718, 1058m
2017年10月05日,9小时34分59秒, 40.47.654, 111.41.717, 1058m
2017年10月05日,9小时35分0秒, 40.47.657, 111.41.716, 1058m
2017年10月05日,9小时35分1秒, 40.47.660, 111.41.715, 1057m
2017年10月05日,9小时35分2秒, 40.47.664, 111.41.714, 1057m
2017年10月05日,9小时35分3秒, 40.47.667, 111.41.713, 1057m
2017年10月05日,9小时35分4秒, 40.47.670, 111.41.711, 1058m
2017年10月05日,9小时35分5秒, 40.47.674, 111.41.709, 1057m
2017年10月05日,9小时35分6秒, 40.47.677, 111.41.708, 1057m
2017年10月05日,9小时35分7秒, 40.47.680, 111.41.707, 1057m
2017年10月05日,9小时35分8秒, 40.47.683, 111.41.705, 1057m
2017年10月05日,9小时35分9秒, 40.47.686, 111.41.704, 1057m
2017年10月05日,9小时35分10秒, 40.47.688, 111.41.704, 1058m
2017年10月05日,9小时35分11秒, 40.47.690, 111.41.703, 1058m
2017年10月05日,9小时35分12秒, 40.47.693, 111.41.702, 1057m
2017年10月05日,9小时35分13秒, 40.47.695, 111.41.701, 1057m
2017年10月05日,9小时35分14秒, 40.47.697, 111.41.701, 1057m
2017年10月05日,9小时35分15秒, 40.47.699, 111.41.700, 1057m
2017年10月05日,9小时35分16秒, 40.47.700, 111.41.700, 1056m
2017年10月05日,9小时35分17秒, 40.47.701, 111.41.699, 1056m
2017年10月05日,9小时35分18秒, 40.47.702, 111.41.700, 1056m
2017年10月05日,9小时35分19秒, 40.47.702, 111.41.700, 1057m
2017年10月05日,9小时35分20秒, 40.47.703, 111.41.701, 1057m
2017年10月05日,9小时35分21秒, 40.47.704, 111.41.700, 1057m
2017年10月05日,9小时35分22秒, 40.47.706, 111.41.700, 1057m
2017年10月05日,9小时35分23秒, 40.47.710, 111.41.699, 1057m
2017年10月05日,9小时35分24秒, 40.47.713, 111.41.698, 1057m
2017年10月05日,9小时35分25秒, 40.47.716, 111.41.697, 1057m
2017年10月05日,9小时35分26秒, 40.47.718, 111.41.696, 1057m
2017年10月05日,9小时35分27秒, 40.47.719, 111.41.696, 1057m
2017年10月05日,9小时35分28秒, 40.47.719, 111.41.696, 1057m
2017年10月05日,9小时35分29秒, 40.47.719, 111.41.695, 1057m
2017年10月05日,9小时35分30秒, 40.47.719, 111.41.695, 1057m
2017年10月05日,9小时35分31秒, 40.47.719, 111.41.695, 1057m
2017年10月05日,9小时35分32秒, 40.47.719, 111.41.695, 1057m
2017年10月05日,9小时35分33秒, 40.47.719, 111.41.695, 1057m
2017年10月05日,9小时35分34秒, 40.47.719, 111.41.695, 1057m
2017年10月05日,9小时35分35秒, 40.47.719, 111.41.695, 1057m
2017年10月05日,9小时35分36秒, 40.47.719, 111.41.695, 1057m
2017年10月05日,9小时35分37秒, 40.47.719, 111.41.695, 1057m
2017年10月05日,9小时35分38秒, 40.47.719, 111.41.695, 1057m
2017年10月05日,9小时35分39秒, 40.47.719, 111.41.695, 1057m
2017年10月05日,9小时35分40秒, 40.47.719, 111.41.695, 1057m
2017年10月05日,9小时35分41秒, 40.47.719, 111.41.695, 1057m
2017年10月05日,9小时35分42秒, 40.47.719, 111.41.695, 1057m
2017年10月05日,9小时35分43秒, 40.47.719, 111.41.695, 1057m
2017年10月05日,9小时35分44秒, 40.47.719, 111.41.695, 1057m
2017年10月05日,9小时35分45秒, 40.47.719, 111.41.695, 1057m
2017年10月05日,9小时35分46秒, 40.47.719, 111.41.695, 1057m
2017年10月05日,9小时35分47秒, 40.47.719, 111.41.695, 1057m
2017年10月05日,9小时35分48秒, 40.47.719, 111.41.695, 1057m
2017年10月05日,9小时35分49秒, 40.47.719, 111.41.695, 1057m
2017年10月05日,9小时35分50秒, 40.47.719, 111.41.695, 1057m
2017年10月05日,9小时35分51秒, 40.47.719, 111.41.695, 1057m
2017年10月05日,9小时35分52秒, 40.47.719, 111.41.695, 1057m
2017年10月05日,9小时35分53秒, 40.47.719, 111.41.695, 1057m
2017年10月05日,9小时35分54秒, 40.47.719, 111.41.695, 1057m
2017年10月05日,9小时35分55秒, 40.47.719, 111.41.695, 1057m
2017年10月05日,9小时35分56秒, 40.47.719, 111.41.695, 1057m
2017年10月05日,9小时35分57秒, 40.47.719, 111.41.695, 1057m
2017年10月05日,9小时35分58秒, 40.47.719, 111.41.695, 1057m
2017年10月05日,9小时35分59秒, 40.47.719, 111.41.695, 1057m
2017年10月05日,9小时36分0秒, 40.47.719, 111.41.695, 1057m
2017年10月05日,9小时36分1秒, 40.47.719, 111.41.695, 1057m
2017年10月05日,9小时36分2秒, 40.47.719, 111.41.695, 1057m
2017年10月05日,9小时36分3秒, 40.47.719, 111.41.695, 1057m
2017年10月05日,9小时36分4秒, 40.47.719, 111.41.695, 1057m
2017年10月05日,9小时36分5秒, 40.47.719, 111.41.695, 1057m
2017年10月05日,9小时36分6秒, 40.47.719, 111.41.695, 1057m
2017年10月05日,9小时36分7秒, 40.47.719, 111.41.695, 1057m
2017年10月05日,9小时36分8秒, 40.47.719, 111.41.695, 1057m
2017年10月05日,9小时36分9秒, 40.47.719, 111.41.695, 1057m
2017年10月05日,9小时36分10秒, 40.47.719, 111.41.695, 1057m
2017年10月05日,9小时36分11秒, 40.47.719, 111.41.695, 1057m
2017年10月05日,9小时36分12秒, 40.47.719, 111.41.695, 1057m
2017年10月05日,9小时36分13秒, 40.47.719, 111.41.695, 1057m
2017年10月05日,9小时36分14秒, 40.47.719, 111.41.695, 1057m
2017年10月05日,9小时36分15秒, 40.47.719, 111.41.695, 1057m
2017年10月05日,9小时36分16秒, 40.47.719, 111.41.695, 1057m
2017年10月05日,9小时36分17秒, 40.47.719, 111.41.695, 1057m
2017年10月05日,9小时36分18秒, 40.47.719, 111.41.695, 1057m
2017年10月05日,9小时36分19秒, 40.47.719, 111.41.695, 1057m
2017年10月05日,9小时36分20秒, 40.47.719, 111.41.695, 1057m
2017年10月05日,9小时36分21秒, 40.47.719, 111.41.695, 1057m
2017年10月05日,9小时36分22秒, 40.47.719, 111.41.695, 1057m
2017年10月05日,9小时36分23秒, 40.47.719, 111.41.695, 1057m
2017年10月05日,9小时36分24秒, 40.47.719, 111.41.695, 1057m
2017年10月05日,9小时36分25秒, 40.47.719, 111.41.695, 1057m
2017年10月05日,9小时36分26秒, 40.47.719, 111.41.695, 1057m
2017年10月05日,9小时36分27秒, 40.47.719, 111.41.695, 1057m
2017年10月05日,9小时36分28秒, 40.47.719, 111.41.695, 1057m
2017年10月05日,9小时36分29秒, 40.47.719, 111.41.695, 1057m
2017年10月05日,9小时36分30秒, 40.47.719, 111.41.695, 1057m
2017年10月05日,9小时36分31秒, 40.47.719, 111.41.695, 1057m
2017年10月05日,9小时36分32秒, 40.47.719, 111.41.695, 1057m
2017年10月05日,9小时36分33秒, 40.47.719, 111.41.695, 1057m
2017年10月05日,9小时36分34秒, 40.47.719, 111.41.695, 1057m
2017年10月05日,9小时36分35秒, 40.47.719, 111.41.695, 1057m
2017年10月05日,9小时36分36秒, 40.47.719, 111.41.695, 1057m
2017年10月05日,9小时36分37秒, 40.47.719, 111.41.695, 1057m
2017年10月05日,9小时36分38秒, 40.47.719, 111.41.695, 1057m
2017年10月05日,9小时36分39秒, 40.47.719, 111.41.695, 1057m
2017年10月05日,9小时36分40秒, 40.47.719, 111.41.695, 1057m
2017年10月05日,9小时36分41秒, 40.47.719, 111.41.695, 1057m
2017年10月05日,9小时36分42秒, 40.47.719, 111.41.695, 1057m
2017年10月05日,9小时36分43秒, 40.47.719, 111.41.695, 1057m
2017年10月05日,9小时36分44秒, 40.47.719, 111.41.695, 1057m
2017年10月05日,9小时36分45秒, 40.47.719, 111.41.695, 1057m
2017年10月05日,9小时36分46秒, 40.47.719, 111.41.695, 1057m
2017年10月05日,9小时36分47秒, 40.47.719, 111.41.695, 1057m
2017年10月05日,9小时36分48秒, 40.47.719, 111.41.695, 1057m
2017年10月05日,9小时36分49秒, 40.47.719, 111.41.695, 1057m
2017年10月05日,9小时36分50秒, 40.47.719, 111.41.695, 1057m
2017年10月05日,9小时36分51秒, 40.47.719, 111.41.695, 1057m
2017年10月05日,9小时36分52秒, 40.47.719, 111.41.695, 1057m
2017年10月05日,9小时36分53秒, 40.47.719, 111.41.695, 1057m
2017年10月05日,9小时36分54秒, 40.47.719, 111.41.695, 1057m
2017年10月05日,9小时36分55秒, 40.47.719, 111.41.695, 1057m
2017年10月05日,9小时36分56秒, 40.47.719, 111.41.695, 1057m
2017年10月05日,9小时36分57秒, 40.47.719, 111.41.695, 1057m
2017年10月05日,9小时36分58秒, 40.47.719, 111.41.695, 1057m
2017年10月05日,9小时36分59秒, 40.47.719, 111.41.695, 1057m
2017年10月05日,9小时37分0秒, 40.47.719, 111.41.695, 1057m
2017年10月05日,9小时37分1秒, 40.47.719, 111.41.695, 1057m
2017年10月05日,9小时37分2秒, 40.47.719, 111.41.695, 1057m
2017年10月05日,9小时37分3秒, 40.47.719, 111.41.695, 1057m
2017年10月05日,9小时37分4秒, 40.47.719, 111.41.695, 1057m
2017年10月05日,9小时37分5秒, 40.47.722, 111.41.691, 1053m
2017年10月05日,9小时37分6秒, 40.47.724, 111.41.690, 1053m
2017年10月05日,9小时37分7秒, 40.47.726, 111.41.688, 1054m
2017年10月05日,9小时37分8秒, 40.47.730, 111.41.687, 1054m
2017年10月05日,9小时37分9秒, 40.47.733, 111.41.685, 1054m
2017年10月05日,9小时37分10秒, 40.47.737, 111.41.682, 1054m
2017年10月05日,9小时37分11秒, 40.47.742, 111.41.680, 1054m
2017年10月05日,9小时37分12秒, 40.47.746, 111.41.678, 1054m
2017年10月05日,9小时37分13秒, 40.47.750, 111.41.676, 1055m
2017年10月05日,9小时37分14秒, 40.47.755, 111.41.673, 1055m
2017年10月05日,9小时37分15秒, 40.47.760, 111.41.670, 1056m
2017年10月05日,9小时37分16秒, 40.47.765, 111.41.668, 1056m
2017年10月05日,9小时37分17秒, 40.47.770, 111.41.665, 1056m
2017年10月05日,9小时37分18秒, 40.47.776, 111.41.663, 1056m
2017年10月05日,9小时37分19秒, 40.47.781, 111.41.660, 1057m
2017年10月05日,9小时37分20秒, 40.47.787, 111.41.658, 1057m
2017年10月05日,9小时37分21秒, 40.47.793, 111.41.656, 1057m
2017年10月05日,9小时37分22秒, 40.47.800, 111.41.653, 1058m
2017年10月05日,9小时37分23秒, 40.47.806, 111.41.650, 1059m
2017年10月05日,9小时37分24秒, 40.47.813, 111.41.648, 1059m
2017年10月05日,9小时37分25秒, 40.47.818, 111.41.646, 1060m
2017年10月05日,9小时37分26秒, 40.47.823, 111.41.645, 1060m
2017年10月05日,9小时37分27秒, 40.47.827, 111.41.644, 1060m
2017年10月05日,9小时37分28秒, 40.47.830, 111.41.642, 1060m
2017年10月05日,9小时37分29秒, 40.47.832, 111.41.641, 1060m
2017年10月05日,9小时37分30秒, 40.47.834, 111.41.640, 1060m
2017年10月05日,9小时37分31秒, 40.47.836, 111.41.639, 1061m
2017年10月05日,9小时37分32秒, 40.47.838, 111.41.638, 1061m
2017年10月05日,9小时37分33秒, 40.47.840, 111.41.637, 1061m
2017年10月05日,9小时37分34秒, 40.47.844, 111.41.635, 1061m
2017年10月05日,9小时37分35秒, 40.47.848, 111.41.633, 1061m
2017年10月05日,9小时37分36秒, 40.47.853, 111.41.630, 1061m
2017年10月05日,9小时37分37秒, 40.47.857, 111.41.628, 1061m
2017年10月05日,9小时37分38秒, 40.47.862, 111.41.626, 1061m
2017年10月05日,9小时37分39秒, 40.47.867, 111.41.623, 1061m
2017年10月05日,9小时37分40秒, 40.47.873, 111.41.621, 1062m
2017年10月05日,9小时37分41秒, 40.47.878, 111.41.619, 1062m
2017年10月05日,9小时37分42秒, 40.47.883, 111.41.617, 1062m
2017年10月05日,9小时37分43秒, 40.47.889, 111.41.615, 1062m
2017年10月05日,9小时37分44秒, 40.47.894, 111.41.612, 1062m
2017年10月05日,9小时37分45秒, 40.47.899, 111.41.610, 1062m
2017年10月05日,9小时37分46秒, 40.47.904, 111.41.607, 1062m
2017年10月05日,9小时37分47秒, 40.47.909, 111.41.605, 1062m
2017年10月05日,9小时37分48秒, 40.47.914, 111.41.603, 1062m
2017年10月05日,9小时37分49秒, 40.47.919, 111.41.601, 1062m
2017年10月05日,9小时37分50秒, 40.47.923, 111.41.599, 1063m
2017年10月05日,9小时37分51秒, 40.47.927, 111.41.597, 1063m
2017年10月05日,9小时37分52秒, 40.47.930, 111.41.594, 1064m
2017年10月05日,9小时37分53秒, 40.47.934, 111.41.593, 1064m
2017年10月05日,9小时37分54秒, 40.47.937, 111.41.591, 1064m
2017年10月05日,9小时37分55秒, 40.47.939, 111.41.590, 1064m
2017年10月05日,9小时37分56秒, 40.47.942, 111.41.589, 1063m
2017年10月05日,9小时37分57秒, 40.47.945, 111.41.587, 1063m
2017年10月05日,9小时37分58秒, 40.47.947, 111.41.587, 1063m
2017年10月05日,9小时37分59秒, 40.47.950, 111.41.586, 1063m
2017年10月05日,9小时38分0秒, 40.47.952, 111.41.586, 1062m
2017年10月05日,9小时38分1秒, 40.47.955, 111.41.585, 1062m
2017年10月05日,9小时38分2秒, 40.47.957, 111.41.584, 1062m
2017年10月05日,9小时38分3秒, 40.47.959, 111.41.583, 1062m
2017年10月05日,9小时38分4秒, 40.47.961, 111.41.582, 1062m
2017年10月05日,9小时38分5秒, 40.47.963, 111.41.582, 1062m
2017年10月05日,9小时38分6秒, 40.47.964, 111.41.581, 1062m
2017年10月05日,9小时38分7秒, 40.47.964, 111.41.582, 1063m
2017年10月05日,9小时38分8秒, 40.47.965, 111.41.581, 1063m
2017年10月05日,9小时38分9秒, 40.47.965, 111.41.581, 1063m
2017年10月05日,9小时38分10秒, 40.47.966, 111.41.580, 1064m
2017年10月05日,9小时38分11秒, 40.47.966, 111.41.580, 1064m
2017年10月05日,9小时38分12秒, 40.47.966, 111.41.580, 1064m
2017年10月05日,9小时38分13秒, 40.47.966, 111.41.580, 1064m
2017年10月05日,9小时38分14秒, 40.47.966, 111.41.580, 1064m
2017年10月05日,9小时38分15秒, 40.47.966, 111.41.580, 1064m
2017年10月05日,9小时38分16秒, 40.47.966, 111.41.580, 1064m
2017年10月05日,9小时38分17秒, 40.47.966, 111.41.580, 1064m
2017年10月05日,9小时38分18秒, 40.47.966, 111.41.580, 1064m
2017年10月05日,9小时38分19秒, 40.47.967, 111.41.580, 1064m
2017年10月05日,9小时38分20秒, 40.47.967, 111.41.579, 1064m
2017年10月05日,9小时38分21秒, 40.47.969, 111.41.579, 1064m
2017年10月05日,9小时38分22秒, 40.47.970, 111.41.579, 1064m
2017年10月05日,9小时38分23秒, 40.47.970, 111.41.578, 1064m
2017年10月05日,9小时38分24秒, 40.47.970, 111.41.578, 1064m
2017年10月05日,9小时38分25秒, 40.47.971, 111.41.578, 1064m
2017年10月05日,9小时38分26秒, 40.47.971, 111.41.578, 1064m
2017年10月05日,9小时38分27秒, 40.47.971, 111.41.578, 1064m
2017年10月05日,9小时38分28秒, 40.47.971, 111.41.578, 1064m
2017年10月05日,9小时38分29秒, 40.47.971, 111.41.578, 1064m
2017年10月05日,9小时38分30秒, 40.47.971, 111.41.578, 1064m
2017年10月05日,9小时38分31秒, 40.47.971, 111.41.578, 1064m
2017年10月05日,9小时38分32秒, 40.47.971, 111.41.578, 1064m
2017年10月05日,9小时38分33秒, 40.47.971, 111.41.578, 1064m
2017年10月05日,9小时38分34秒, 40.47.971, 111.41.578, 1064m
2017年10月05日,9小时38分35秒, 40.47.971, 111.41.578, 1064m
2017年10月05日,9小时38分36秒, 40.47.971, 111.41.578, 1064m
2017年10月05日,9小时38分37秒, 40.47.972, 111.41.578, 1064m
2017年10月05日,9小时38分38秒, 40.47.972, 111.41.578, 1064m
2017年10月05日,9小时38分39秒, 40.47.973, 111.41.578, 1064m
2017年10月05日,9小时38分40秒, 40.47.973, 111.41.577, 1064m
2017年10月05日,9小时38分41秒, 40.47.974, 111.41.577, 1064m
2017年10月05日,9小时38分42秒, 40.47.974, 111.41.577, 1064m
2017年10月05日,9小时38分43秒, 40.47.975, 111.41.577, 1064m
2017年10月05日,9小时38分44秒, 40.47.975, 111.41.577, 1064m
2017年10月05日,9小时38分45秒, 40.47.975, 111.41.577, 1064m
2017年10月05日,9小时38分46秒, 40.47.975, 111.41.577, 1063m
2017年10月05日,9小时38分47秒, 40.47.975, 111.41.577, 1063m
2017年10月05日,9小时38分48秒, 40.47.976, 111.41.577, 1063m
2017年10月05日,9小时38分49秒, 40.47.976, 111.41.577, 1063m
2017年10月05日,9小时38分50秒, 40.47.976, 111.41.577, 1063m
2017年10月05日,9小时38分51秒, 40.47.976, 111.41.577, 1063m
2017年10月05日,9小时38分52秒, 40.47.976, 111.41.577, 1063m
2017年10月05日,9小时38分53秒, 40.47.976, 111.41.577, 1063m
2017年10月05日,9小时38分54秒, 40.47.976, 111.41.577, 1063m
2017年10月05日,9小时38分55秒, 40.47.976, 111.41.577, 1063m
2017年10月05日,9小时38分56秒, 40.47.976, 111.41.577, 1063m
2017年10月05日,9小时38分57秒, 40.47.976, 111.41.577, 1063m
2017年10月05日,9小时38分58秒, 40.47.976, 111.41.577, 1063m
2017年10月05日,9小时38分59秒, 40.47.976, 111.41.577, 1063m
2017年10月05日,9小时39分0秒, 40.47.976, 111.41.577, 1063m
2017年10月05日,9小时39分1秒, 40.47.976, 111.41.577, 1063m
2017年10月05日,9小时39分2秒, 40.47.976, 111.41.577, 1063m
2017年10月05日,9小时39分3秒, 40.47.976, 111.41.577, 1063m
2017年10月05日,9小时39分4秒, 40.47.976, 111.41.577, 1063m
2017年10月05日,9小时39分5秒, 40.47.976, 111.41.577, 1063m
2017年10月05日,9小时39分6秒, 40.47.976, 111.41.577, 1063m
2017年10月05日,9小时39分7秒, 40.47.976, 111.41.577, 1063m
2017年10月05日,9小时39分8秒, 40.47.976, 111.41.577, 1063m
2017年10月05日,9小时39分9秒, 40.47.976, 111.41.577, 1063m
2017年10月05日,9小时39分10秒, 40.47.976, 111.41.577, 1063m
2017年10月05日,9小时39分11秒, 40.47.976, 111.41.577, 1063m
2017年10月05日,9小时39分12秒, 40.47.976, 111.41.577, 1063m
2017年10月05日,9小时39分13秒, 40.47.977, 111.41.576, 1063m
2017年10月05日,9小时39分14秒, 40.47.978, 111.41.575, 1063m
2017年10月05日,9小时39分15秒, 40.47.981, 111.41.574, 1063m
2017年10月05日,9小时39分16秒, 40.47.983, 111.41.573, 1063m
2017年10月05日,9小时39分17秒, 40.47.986, 111.41.572, 1063m
2017年10月05日,9小时39分18秒, 40.47.990, 111.41.570, 1063m
2017年10月05日,9小时39分19秒, 40.47.993, 111.41.569, 1063m
2017年10月05日,9小时39分20秒, 40.47.996, 111.41.567, 1063m
2017年10月05日,9小时39分21秒, 40.47.998, 111.41.566, 1063m
2017年10月05日,9小时39分22秒, 40.48.000, 111.41.565, 1064m
2017年10月05日,9小时39分23秒, 40.48.002, 111.41.564, 1064m
2017年10月05日,9小时39分24秒, 40.48.005, 111.41.562, 1065m
2017年10月05日,9小时39分25秒, 40.48.007, 111.41.560, 1066m
2017年10月05日,9小时39分26秒, 40.48.010, 111.41.559, 1066m
2017年10月05日,9小时39分27秒, 40.48.013, 111.41.557, 1067m
2017年10月05日,9小时39分28秒, 40.48.016, 111.41.555, 1067m
2017年10月05日,9小时39分29秒, 40.48.020, 111.41.554, 1068m
2017年10月05日,9小时39分30秒, 40.48.024, 111.41.552, 1069m
2017年10月05日,9小时39分31秒, 40.48.028, 111.41.550, 1069m
2017年10月05日,9小时39分31秒, 40.48.028, 111.41.550, 1069m
2017年10月05日,9小时39分32秒, 40.48.031, 111.41.549, 1069m
2017年10月05日,9小时39分33秒, 40.48.034, 111.41.547, 1069m
2017年10月05日,9小时39分34秒, 40.48.037, 111.41.546, 1069m
2017年10月05日,9小时39分35秒, 40.48.039, 111.41.545, 1068m
2017年10月05日,9小时39分36秒, 40.48.042, 111.41.544, 1069m
2017年10月05日,9小时39分37秒, 40.48.045, 111.41.543, 1069m
2017年10月05日,9小时39分38秒, 40.48.047, 111.41.541, 1068m
2017年10月05日,9小时39分39秒, 40.48.051, 111.41.540, 1068m
2017年10月05日,9小时39分40秒, 40.48.054, 111.41.538, 1067m
2017年10月05日,9小时39分41秒, 40.48.058, 111.41.535, 1067m
2017年10月05日,9小时39分42秒, 40.48.063, 111.41.533, 1067m
2017年10月05日,9小时39分44秒, 40.48.072, 111.41.529, 1067m
2017年10月05日,9小时39分45秒, 40.48.076, 111.41.527, 1067m
2017年10月05日,9小时39分46秒, 40.48.081, 111.41.526, 1068m
2017年10月05日,9小时39分46秒, 40.48.081, 111.41.526, 1068m
2017年10月05日,9小时39分48秒, 40.48.092, 111.41.523, 1068m
2017年10月05日,9小时39分48秒, 40.48.092, 111.41.523, 1069m
2017年10月05日,9小时39分50秒, 40.48.103, 111.41.519, 1069m
2017年10月05日,9小时39分50秒, 40.48.103, 111.41.519, 1070m
2017年10月05日,9小时39分51秒, 40.48.108, 111.41.516, 1070m
2017年10月05日,9小时39分52秒, 40.48.113, 111.41.513, 1070m
2017年10月05日,9小时39分53秒, 40.48.119, 111.41.510, 1070m
2017年10月05日,9小时39分55秒, 40.48.131, 111.41.505, 1070m
2017年10月05日,9小时39分55秒, 40.48.131, 111.41.505, 1069m
2017年10月05日,9小时39分56秒, 40.48.137, 111.41.502, 1069m
2017年10月05日,9小时39分57秒, 40.48.142, 111.41.499, 1070m
2017年10月05日,9小时39分58秒, 40.48.148, 111.41.496, 1070m
2017年10月05日,9小时39分59秒, 40.48.153, 111.41.494, 1070m
2017年10月05日,9小时40分0秒, 40.48.158, 111.41.492, 1070m
2017年10月05日,9小时40分2秒, 40.48.168, 111.41.488, 1070m
2017年10月05日,9小时40分2秒, 40.48.168, 111.41.488, 1069m
2017年10月05日,9小时40分4秒, 40.48.178, 111.41.483, 1069m
2017年10月05日,9小时40分4秒, 40.48.178, 111.41.483, 1070m
2017年10月05日,9小时40分5秒, 40.48.183, 111.41.481, 1069m
2017年10月05日,9小时40分6秒, 40.48.189, 111.41.478, 1069m
2017年10月05日,9小时40分7秒, 40.48.193, 111.41.476, 1069m
2017年10月05日,9小时40分8秒, 40.48.198, 111.41.473, 1069m
2017年10月05日,9小时40分9秒, 40.48.203, 111.41.471, 1070m
2017年10月05日,9小时40分10秒, 40.48.207, 111.41.469, 1070m
2017年10月05日,9小时40分11秒, 40.48.212, 111.41.466, 1070m
2017年10月05日,9小时40分12秒, 40.48.216, 111.41.464, 1070m
2017年10月05日,9小时40分13秒, 40.48.221, 111.41.462, 1070m
2017年10月05日,9小时40分14秒, 40.48.225, 111.41.460, 1070m
2017年10月05日,9小时40分16秒, 40.48.235, 111.41.455, 1071m
2017年10月05日,9小时40分16秒, 40.48.235, 111.41.455, 1070m
2017年10月05日,9小时40分17秒, 40.48.240, 111.41.452, 1071m
2017年10月05日,9小时40分19秒, 40.48.250, 111.41.447, 1071m
2017年10月05日,9小时40分19秒, 40.48.250, 111.41.447, 1071m
2017年10月05日,9小时40分20秒, 40.48.255, 111.41.445, 1071m
2017年10月05日,9小时40分22秒, 40.48.262, 111.41.441, 1071m
2017年10月05日,9小时40分22秒, 40.48.262, 111.41.441, 1071m
2017年10月05日,9小时40分23秒, 40.48.265, 111.41.439, 1071m
2017年10月05日,9小时40分24秒, 40.48.268, 111.41.438, 1071m
2017年10月05日,9小时40分25秒, 40.48.270, 111.41.438, 1071m
2017年10月05日,9小时40分26秒, 40.48.272, 111.41.438, 1070m
2017年10月05日,9小时40分28秒, 40.48.273, 111.41.438, 1070m
2017年10月05日,9小时40分29秒, 40.48.273, 111.41.438, 1070m
2017年10月05日,9小时40分29秒, 40.48.273, 111.41.438, 1070m
2017年10月05日,9小时40分30秒, 40.48.273, 111.41.438, 1070m
2017年10月05日,9小时40分31秒, 40.48.273, 111.41.437, 1070m
2017年10月05日,9小时40分32秒, 40.48.273, 111.41.437, 1070m
2017年10月05日,9小时40分34秒, 40.48.273, 111.41.437, 1070m
2017年10月05日,9小时40分34秒, 40.48.273, 111.41.437, 1070m
2017年10月05日,9小时40分35秒, 40.48.273, 111.41.437, 1070m
2017年10月05日,9小时40分36秒, 40.48.273, 111.41.437, 1070m
2017年10月05日,9小时40分37秒, 40.48.273, 111.41.436, 1070m
2017年10月05日,9小时40分38秒, 40.48.273, 111.41.436, 1070m
2017年10月05日,9小时40分39秒, 40.48.273, 111.41.436, 1070m
2017年10月05日,9小时40分40秒, 40.48.273, 111.41.436, 1070m
2017年10月05日,9小时40分41秒, 40.48.273, 111.41.436, 1070m
2017年10月05日,9小时40分42秒, 40.48.273, 111.41.435, 1070m
2017年10月05日,9小时40分43秒, 40.48.272, 111.41.434, 1069m
2017年10月05日,9小时40分44秒, 40.48.270, 111.41.433, 1069m
2017年10月05日,9小时40分45秒, 40.48.268, 111.41.434, 1068m
2017年10月05日,9小时40分46秒, 40.48.266, 111.41.436, 1068m
2017年10月05日,9小时40分47秒, 40.48.263, 111.41.437, 1067m
2017年10月05日,9小时40分48秒, 40.48.260, 111.41.439, 1066m
2017年10月05日,9小时40分49秒, 40.48.257, 111.41.440, 1065m
2017年10月05日,9小时40分50秒, 40.48.254, 111.41.442, 1065m
2017年10月05日,9小时40分51秒, 40.48.250, 111.41.444, 1064m
2017年10月05日,9小时40分52秒, 40.48.247, 111.41.445, 1064m
2017年10月05日,9小时40分53秒, 40.48.243, 111.41.447, 1063m
2017年10月05日,9小时40分54秒, 40.48.240, 111.41.448, 1062m
2017年10月05日,9小时40分55秒, 40.48.236, 111.41.450, 1062m
2017年10月05日,9小时40分56秒, 40.48.232, 111.41.451, 1061m
2017年10月05日,9小时40分57秒, 40.48.229, 111.41.452, 1060m
2017年10月05日,9小时40分58秒, 40.48.226, 111.41.453, 1060m
2017年10月05日,9小时40分59秒, 40.48.223, 111.41.454, 1059m
2017年10月05日,9小时41分0秒, 40.48.220, 111.41.454, 1058m
2017年10月05日,9小时41分1秒, 40.48.219, 111.41.454, 1058m
2017年10月05日,9小时41分2秒, 40.48.218, 111.41.454, 1058m
2017年10月05日,9小时41分3秒, 40.48.217, 111.41.454, 1057m
2017年10月05日,9小时41分4秒, 40.48.216, 111.41.453, 1057m
2017年10月05日,9小时41分5秒, 40.48.215, 111.41.452, 1056m
2017年10月05日,9小时41分6秒, 40.48.214, 111.41.451, 1056m
2017年10月05日,9小时41分7秒, 40.48.214, 111.41.450, 1055m
2017年10月05日,9小时41分8秒, 40.48.213, 111.41.449, 1055m
2017年10月05日,9小时41分9秒, 40.48.213, 111.41.447, 1055m
2017年10月05日,9小时41分10秒, 40.48.212, 111.41.445, 1054m
2017年10月05日,9小时41分11秒, 40.48.212, 111.41.444, 1054m
2017年10月05日,9小时41分12秒, 40.48.211, 111.41.442, 1054m
2017年10月05日,9小时41分13秒, 40.48.211, 111.41.442, 1053m
2017年10月05日,9小时41分15秒, 40.48.211, 111.41.441, 1054m
2017年10月05日,9小时41分15秒, 40.48.211, 111.41.441, 1054m
2017年10月05日,9小时41分16秒, 40.48.211, 111.41.441, 1054m
2017年10月05日,9小时41分17秒, 40.48.211, 111.41.441, 1054m
2017年10月05日,9小时41分18秒, 40.48.211, 111.41.441, 1054m
2017年10月05日,9小时41分19秒, 40.48.211, 111.41.441, 1054m
2017年10月05日,9小时41分20秒, 40.48.210, 111.41.440, 1054m
2017年10月05日,9小时41分21秒, 40.48.211, 111.41.438, 1054m
2017年10月05日,9小时41分23秒, 40.48.212, 111.41.430, 1053m
2017年10月05日,9小时41分24秒, 40.48.212, 111.41.425, 1053m
2017年10月05日,9小时41分24秒, 40.48.212, 111.41.425, 1053m
2017年10月05日,9小时41分25秒, 40.48.212, 111.41.421, 1053m
2017年10月05日,9小时41分26秒, 40.48.211, 111.41.417, 1053m
2017年10月05日,9小时41分27秒, 40.48.210, 111.41.414, 1052m
2017年10月05日,9小时41分28秒, 40.48.208, 111.41.412, 1052m
2017年10月05日,9小时41分29秒, 40.48.207, 111.41.410, 1052m
2017年10月05日,9小时41分30秒, 40.48.205, 111.41.409, 1053m
2017年10月05日,9小时41分31秒, 40.48.203, 111.41.408, 1053m
2017年10月05日,9小时41分32秒, 40.48.201, 111.41.409, 1052m
2017年10月05日,9小时41分33秒, 40.48.199, 111.41.409, 1052m
2017年10月05日,9小时41分34秒, 40.48.197, 111.41.410, 1052m
2017年10月05日,9小时41分35秒, 40.48.195, 111.41.411, 1051m
2017年10月05日,9小时41分36秒, 40.48.192, 111.41.412, 1051m
2017年10月05日,9小时41分37秒, 40.48.189, 111.41.413, 1051m
2017年10月05日,9小时41分38秒, 40.48.186, 111.41.414, 1051m
2017年10月05日,9小时41分40秒, 40.48.180, 111.41.417, 1051m
2017年10月05日,9小时41分40秒, 40.48.180, 111.41.417, 1050m
2017年10月05日,9小时41分41秒, 40.48.177, 111.41.418, 1050m
2017年10月05日,9小时41分42秒, 40.48.173, 111.41.420, 1049m
2017年10月05日,9小时41分44秒, 40.48.166, 111.41.423, 1049m
2017年10月05日,9小时41分44秒, 40.48.166, 111.41.423, 1049m
2017年10月05日,9小时41分45秒, 40.48.163, 111.41.425, 1048m
2017年10月05日,9小时41分47秒, 40.48.156, 111.41.427, 1048m
2017年10月05日,9小时41分48秒, 40.48.152, 111.41.429, 1047m
2017年10月05日,9小时41分48秒, 40.48.152, 111.41.429, 1047m
2017年10月05日,9小时41分49秒, 40.48.149, 111.41.430, 1046m
2017年10月05日,9小时41分50秒, 40.48.145, 111.41.432, 1046m
2017年10月05日,9小时41分51秒, 40.48.142, 111.41.433, 1046m
2017年10月05日,9小时41分52秒, 40.48.138, 111.41.435, 1046m
2017年10月05日,9小时41分53秒, 40.48.134, 111.41.437, 1045m
2017年10月05日,9小时41分54秒, 40.48.130, 111.41.438, 1045m
2017年10月05日,9小时41分55秒, 40.48.126, 111.41.440, 1045m
2017年10月05日,9小时41分56秒, 40.48.123, 111.41.442, 1045m
2017年10月05日,9小时41分57秒, 40.48.120, 111.41.443, 1044m
2017年10月05日,9小时41分58秒, 40.48.117, 111.41.444, 1044m
2017年10月05日,9小时41分59秒, 40.48.114, 111.41.446, 1044m
2017年10月05日,9小时42分0秒, 40.48.111, 111.41.447, 1043m
2017年10月05日,9小时42分1秒, 40.48.108, 111.41.448, 1043m
2017年10月05日,9小时42分2秒, 40.48.105, 111.41.450, 1043m
2017年10月05日,9小时42分3秒, 40.48.102, 111.41.451, 1042m
2017年10月05日,9小时42分4秒, 40.48.098, 111.41.452, 1042m
2017年10月05日,9小时42分5秒, 40.48.096, 111.41.453, 1042m
2017年10月05日,9小时42分6秒, 40.48.093, 111.41.453, 1042m
2017年10月05日,9小时42分7秒, 40.48.091, 111.41.452, 1041m
2017年10月05日,9小时42分8秒, 40.48.088, 111.41.451, 1041m
2017年10月05日,9小时42分9秒, 40.48.087, 111.41.449, 1041m
2017年10月05日,9小时42分10秒, 40.48.086, 111.41.446, 1041m
2017年10月05日,9小时42分11秒, 40.48.085, 111.41.443, 1042m
2017年10月05日,9小时42分13秒, 40.48.083, 111.41.436, 1042m
2017年10月05日,9小时42分14秒, 40.48.082, 111.41.433, 1042m
2017年10月05日,9小时42分14秒, 40.48.082, 111.41.433, 1041m
2017年10月05日,9小时42分15秒, 40.48.081, 111.41.431, 1041m
2017年10月05日,9小时42分16秒, 40.48.081, 111.41.428, 1041m
2017年10月05日,9小时42分18秒, 40.48.079, 111.41.423, 1041m
2017年10月05日,9小时42分18秒, 40.48.079, 111.41.423, 1041m
2017年10月05日,9小时42分20秒, 40.48.078, 111.41.419, 1041m
2017年10月05日,9小时42分20秒, 40.48.078, 111.41.419, 1042m
2017年10月05日,9小时42分21秒, 40.48.077, 111.41.417, 1042m
2017年10月05日,9小时42分23秒, 40.48.076, 111.41.414, 1042m
2017年10月05日,9小时42分23秒, 40.48.076, 111.41.414, 1042m
2017年10月05日,9小时42分24秒, 40.48.076, 111.41.413, 1042m
2017年10月05日,9小时42分26秒, 40.48.075, 111.41.411, 1042m
2017年10月05日,9小时42分26秒, 40.48.075, 111.41.411, 1043m
2017年10月05日,9小时42分28秒, 40.48.075, 111.41.408, 1043m
2017年10月05日,9小时42分28秒, 40.48.075, 111.41.408, 1044m
2017年10月05日,9小时42分30秒, 40.48.074, 111.41.404, 1044m
2017年10月05日,9小时42分31秒, 40.48.074, 111.41.402, 1044m
2017年10月05日,9小时42分32秒, 40.48.075, 111.41.401, 1045m
2017年10月05日,9小时42分32秒, 40.48.075, 111.41.401, 1045m
2017年10月05日,9小时42分33秒, 40.48.076, 111.41.400, 1046m
2017年10月05日,9小时42分35秒, 40.48.078, 111.41.400, 1046m
2017年10月05日,9小时42分35秒, 40.48.078, 111.41.400, 1047m
2017年10月05日,9小时42分37秒, 40.48.079, 111.41.401, 1047m
2017年10月05日,9小时42分37秒, 40.48.079, 111.41.401, 1047m
2017年10月05日,9小时42分39秒, 40.48.080, 111.41.402, 1048m
2017年10月05日,9小时42分39秒, 40.48.080, 111.41.402, 1048m
2017年10月05日,9小时42分40秒, 40.48.080, 111.41.403, 1048m
2017年10月05日,9小时42分41秒, 40.48.080, 111.41.403, 1049m
2017年10月05日,9小时42分42秒, 40.48.080, 111.41.404, 1049m
2017年10月05日,9小时42分44秒, 40.48.080, 111.41.405, 1049m
2017年10月05日,9小时42分44秒, 40.48.080, 111.41.405, 1049m
2017年10月05日,9小时42分45秒, 40.48.081, 111.41.405, 1049m
2017年10月05日,9小时42分47秒, 40.48.081, 111.41.407, 1049m
2017年10月05日,9小时42分47秒, 40.48.081, 111.41.407, 1049m
2017年10月05日,9小时42分49秒, 40.48.081, 111.41.407, 1050m
2017年10月05日,9小时42分50秒, 40.48.081, 111.41.407, 1050m
2017年10月05日,9小时42分50秒, 40.48.081, 111.41.407, 1050m
2017年10月05日,9小时42分52秒, 40.48.081, 111.41.408, 1050m
2017年10月05日,9小时42分53秒, 40.48.081, 111.41.408, 1050m
2017年10月05日,9小时42分53秒, 40.48.081, 111.41.408, 1050m
2017年10月05日,9小时42分55秒, 40.48.081, 111.41.408, 1050m
2017年10月05日,9小时42分56秒, 40.48.081, 111.41.408, 1050m
2017年10月05日,9小时42分56秒, 40.48.081, 111.41.408, 1050m
2017年10月05日,9小时42分58秒, 40.48.081, 111.41.408, 1050m
2017年10月05日,9小时42分58秒, 40.48.081, 111.41.408, 1050m
2017年10月05日,9小时43分0秒, 40.48.081, 111.41.408, 1050m
2017年10月05日,9小时43分0秒, 40.48.081, 111.41.408, 1050m
2017年10月05日,9小时43分2秒, 40.48.081, 111.41.408, 1050m
2017年10月05日,9小时43分3秒, 40.48.081, 111.41.408, 1050m
2017年10月05日,9小时43分3秒, 40.48.081, 111.41.408, 1050m
2017年10月05日,9小时43分5秒, 40.48.081, 111.41.408, 1050m
2017年10月05日,9小时43分5秒, 40.48.081, 111.41.408, 1050m
2017年10月05日,9小时43分6秒, 40.48.081, 111.41.408, 1050m
2017年10月05日,9小时43分7秒, 40.48.081, 111.41.408, 1050m
2017年10月05日,9小时43分9秒, 40.48.081, 111.41.408, 1050m
2017年10月05日,9小时43分10秒, 40.48.081, 111.41.408, 1050m
2017年10月05日,9小时43分10秒, 40.48.081, 111.41.408, 1050m
2017年10月05日,9小时43分10秒, 40.48.081, 111.41.408, 1050m
